name,count
Ludhiana,5226
Varanasi,4606
Visakhapatnam,5176
Mumbai,4966
Kanpur,4398
Ahmedabad,5613
Thane,4289
Nashik,3144
Bangalore,4123
Patna,5924
Rajkot,5207
Jaipur,4328
Pune,5210
Lucknow,4280
Meerut,5528
Agra,4684
Surat,4636
Faridabad,3268
Hyderabad,4496
Srinagar,5074
Ghaziabad,3620
Kolkata,5689
Chennai,4044
Kalyan,6591
Nagpur,4209
Vadodara,4568
Vasai-Virar,5765
Delhi,3593
Bhopal,3475
Indore,4872 
Other,0