name,Count
Kalyan,6591
Patna,5924
Vasai-Virar,5765
Kolkata,5689
Ahmedabad,5613
Meerut,5528
Ludhiana,5226
Pune,5210
Rajkot,5207
Visakhapatnam,5176
Srinagar,5074
Mumbai,4966
Indore,4872
Agra,4684
Surat,4636
Varanasi,4606
Vadodara,4568
Hyderabad,4496
Kanpur,4398
Jaipur,4328
Thane,4289
Lucknow,4280
Nagpur,4209
Bangalore,4123
Chennai,4044
Ghaziabad,3620
Delhi,3593
Bhopal,3475
Faridabad,3268
Nashik,3144
Other,98
